summary_id,type,mean,standard_deviation
1,1,119251.070162,111414.619830
1,2,118062.025609,111028.457220
